file	scan
/PXD004452/20150410_QE3_UPLC9_DBJ_SA_46fractions_Rep1_40.mzML	3624
/PXD004452/20150410_QE3_UPLC9_DBJ_SA_46fractions_Rep1_40.mzML	6553
/PXD004452/20150410_QE3_UPLC9_DBJ_SA_46fractions_Rep1_40.mzML	11819
/PXD004452/20150410_QE3_UPLC9_DBJ_SA_46fractions_Rep1_40.mzML	14613
/PXD004452/20150410_QE3_UPLC9_DBJ_SA_46fractions_Rep1_40.mzML	15335
/PXD004452/20150410_QE3_UPLC9_DBJ_SA_46fractions_Rep1_40.mzML	16482
/PXD004452/20150410_QE3_UPLC9_DBJ_SA_46fractions_Rep1_40.mzML	16983
/PXD004452/20150410_QE3_UPLC9_DBJ_SA_46fractions_Rep1_40.mzML	18667
/PXD004452/20150410_QE3_UPLC9_DBJ_SA_46fractions_Rep1_40.mzML	18688
/PXD004452/20150410_QE3_UPLC9_DBJ_SA_46fractions_Rep1_40.mzML	22861
/PXD004452/20150410_QE3_UPLC9_DBJ_SA_46fractions_Rep1_40.mzML	22876
/PXD004452/20150410_QE3_UPLC9_DBJ_SA_46fractions_Rep1_40.mzML	23784
/PXD004452/20150410_QE3_UPLC9_DBJ_SA_46fractions_Rep1_40.mzML	24776
/PXD004452/20150410_QE3_UPLC9_DBJ_SA_46fractions_Rep1_40.mzML	25787
/PXD004452/20150410_QE3_UPLC9_DBJ_SA_46fractions_Rep1_40.mzML	26967
/PXD004452/20150410_QE3_UPLC9_DBJ_SA_46fractions_Rep1_40.mzML	31647
/PXD004452/20150410_QE3_UPLC9_DBJ_SA_46fractions_Rep1_1.mzML	13461
/PXD004452/20150410_QE3_UPLC9_DBJ_SA_46fractions_Rep1_1.mzML	15729
/PXD004452/20150410_QE3_UPLC9_DBJ_SA_46fractions_Rep1_41.mzML	8904
/PXD004452/20150410_QE3_UPLC9_DBJ_SA_46fractions_Rep1_41.mzML	11848
/PXD004452/20150410_QE3_UPLC9_DBJ_SA_46fractions_Rep1_41.mzML	13280
/PXD004452/20150410_QE3_UPLC9_DBJ_SA_46fractions_Rep1_41.mzML	15852
/PXD004452/20150410_QE3_UPLC9_DBJ_SA_46fractions_Rep1_41.mzML	15887
/PXD004452/20150410_QE3_UPLC9_DBJ_SA_46fractions_Rep1_41.mzML	16862
/PXD004452/20150410_QE3_UPLC9_DBJ_SA_46fractions_Rep1_41.mzML	23376
/PXD004452/20150410_QE3_UPLC9_DBJ_SA_46fractions_Rep1_41.mzML	23412
/PXD004452/20150410_QE3_UPLC9_DBJ_SA_46fractions_Rep1_41.mzML	25430
/PXD004452/20150410_QE3_UPLC9_DBJ_SA_46fractions_Rep1_41.mzML	28012
/PXD004452/20150410_QE3_UPLC9_DBJ_SA_46fractions_Rep1_41.mzML	28023
/PXD004452/20150410_QE3_UPLC9_DBJ_SA_46fractions_Rep1_41.mzML	28729
/PXD004452/20150410_QE3_UPLC9_DBJ_SA_46fractions_Rep1_41.mzML	30492
/PXD004452/20150410_QE3_UPLC9_DBJ_SA_46fractions_Rep1_41.mzML	30610
/PXD004452/20150410_QE3_UPLC9_DBJ_SA_46fractions_Rep1_43.mzML	14596
/PXD004452/20150410_QE3_UPLC9_DBJ_SA_46fractions_Rep1_43.mzML	15604
/PXD004452/20150410_QE3_UPLC9_DBJ_SA_46fractions_Rep1_43.mzML	19196
/PXD004452/20150410_QE3_UPLC9_DBJ_SA_46fractions_Rep1_43.mzML	19958
/PXD004452/20150410_QE3_UPLC9_DBJ_SA_46fractions_Rep1_43.mzML	21766
/PXD004452/20150410_QE3_UPLC9_DBJ_SA_46fractions_Rep1_43.mzML	24074
/PXD004452/20150410_QE3_UPLC9_DBJ_SA_46fractions_Rep1_43.mzML	25269
/PXD004452/20150410_QE3_UPLC9_DBJ_SA_46fractions_Rep1_43.mzML	25926
/PXD004452/20150410_QE3_UPLC9_DBJ_SA_46fractions_Rep1_43.mzML	26635
/PXD004452/20150410_QE3_UPLC9_DBJ_SA_46fractions_Rep1_2.mzML	5454
/PXD004452/20150410_QE3_UPLC9_DBJ_SA_46fractions_Rep1_42.mzML	9881
/PXD004452/20150410_QE3_UPLC9_DBJ_SA_46fractions_Rep1_42.mzML	10563
/PXD004452/20150410_QE3_UPLC9_DBJ_SA_46fractions_Rep1_42.mzML	15267
/PXD004452/20150410_QE3_UPLC9_DBJ_SA_46fractions_Rep1_42.mzML	15584
/PXD004452/20150410_QE3_UPLC9_DBJ_SA_46fractions_Rep1_42.mzML	16100
/PXD004452/20150410_QE3_UPLC9_DBJ_SA_46fractions_Rep1_42.mzML	17955
/PXD004452/20150410_QE3_UPLC9_DBJ_SA_46fractions_Rep1_42.mzML	18211
/PXD004452/20150410_QE3_UPLC9_DBJ_SA_46fractions_Rep1_42.mzML	18249
/PXD004452/20150410_QE3_UPLC9_DBJ_SA_46fractions_Rep1_42.mzML	18568
/PXD004452/20150410_QE3_UPLC9_DBJ_SA_46fractions_Rep1_42.mzML	18745
/PXD004452/20150410_QE3_UPLC9_DBJ_SA_46fractions_Rep1_42.mzML	19178
/PXD004452/20150410_QE3_UPLC9_DBJ_SA_46fractions_Rep1_42.mzML	21362
/PXD004452/20150410_QE3_UPLC9_DBJ_SA_46fractions_Rep1_42.mzML	22916
/PXD004452/20150410_QE3_UPLC9_DBJ_SA_46fractions_Rep1_42.mzML	23121
/PXD004452/20150410_QE3_UPLC9_DBJ_SA_46fractions_Rep1_42.mzML	23840
/PXD004452/20150410_QE3_UPLC9_DBJ_SA_46fractions_Rep1_42.mzML	24858
/PXD004452/20150410_QE3_UPLC9_DBJ_SA_46fractions_Rep1_42.mzML	28873
/PXD004452/20150410_QE3_UPLC9_DBJ_SA_46fractions_Rep1_42.mzML	29453
/PXD004452/20150410_QE3_UPLC9_DBJ_SA_46fractions_Rep1_42.mzML	29589
/PXD004452/20150410_QE3_UPLC9_DBJ_SA_46fractions_Rep1_46.mzML	6294
/PXD004452/20150410_QE3_UPLC9_DBJ_SA_46fractions_Rep1_46.mzML	13629
/PXD004452/20150410_QE3_UPLC9_DBJ_SA_46fractions_Rep1_46.mzML	15673
/PXD004452/20150410_QE3_UPLC9_DBJ_SA_46fractions_Rep1_46.mzML	16529
/PXD004452/20150410_QE3_UPLC9_DBJ_SA_46fractions_Rep1_46.mzML	18091
/PXD004452/20150410_QE3_UPLC9_DBJ_SA_46fractions_Rep1_46.mzML	19489
/PXD004452/20150410_QE3_UPLC9_DBJ_SA_46fractions_Rep1_46.mzML	20936
/PXD004452/20150410_QE3_UPLC9_DBJ_SA_46fractions_Rep1_46.mzML	22179
/PXD004452/20150410_QE3_UPLC9_DBJ_SA_46fractions_Rep1_46.mzML	23724
/PXD004452/20150410_QE3_UPLC9_DBJ_SA_46fractions_Rep1_46.mzML	23763
/PXD004452/20150410_QE3_UPLC9_DBJ_SA_46fractions_Rep1_46.mzML	24211
/PXD004452/20150410_QE3_UPLC9_DBJ_SA_46fractions_Rep1_46.mzML	24775
/PXD004452/20150410_QE3_UPLC9_DBJ_SA_46fractions_Rep1_46.mzML	26270
/PXD004452/20150410_QE3_UPLC9_DBJ_SA_46fractions_Rep1_46.mzML	26957
/PXD004452/20150410_QE3_UPLC9_DBJ_SA_46fractions_Rep1_46.mzML	28414
/PXD004452/20150410_QE3_UPLC9_DBJ_SA_46fractions_Rep1_46.mzML	30927
/PXD004452/20150410_QE3_UPLC9_DBJ_SA_46fractions_Rep1_46.mzML	31192
/PXD004452/20150410_QE3_UPLC9_DBJ_SA_46fractions_Rep1_7.mzML	2160
/PXD004452/20150410_QE3_UPLC9_DBJ_SA_46fractions_Rep1_7.mzML	8111
/PXD004452/20150410_QE3_UPLC9_DBJ_SA_46fractions_Rep1_7.mzML	17646
/PXD004452/20150410_QE3_UPLC9_DBJ_SA_46fractions_Rep1_6.mzML	2300
/PXD004452/20150410_QE3_UPLC9_DBJ_SA_46fractions_Rep1_6.mzML	18824
/PXD004452/20150410_QE3_UPLC9_DBJ_SA_46fractions_Rep1_45.mzML	8655
/PXD004452/20150410_QE3_UPLC9_DBJ_SA_46fractions_Rep1_45.mzML	12074
/PXD004452/20150410_QE3_UPLC9_DBJ_SA_46fractions_Rep1_45.mzML	15460
/PXD004452/20150410_QE3_UPLC9_DBJ_SA_46fractions_Rep1_45.mzML	16378
/PXD004452/20150410_QE3_UPLC9_DBJ_SA_46fractions_Rep1_45.mzML	16507
/PXD004452/20150410_QE3_UPLC9_DBJ_SA_46fractions_Rep1_45.mzML	17406
/PXD004452/20150410_QE3_UPLC9_DBJ_SA_46fractions_Rep1_45.mzML	17798
/PXD004452/20150410_QE3_UPLC9_DBJ_SA_46fractions_Rep1_45.mzML	17984
/PXD004452/20150410_QE3_UPLC9_DBJ_SA_46fractions_Rep1_45.mzML	19700
/PXD004452/20150410_QE3_UPLC9_DBJ_SA_46fractions_Rep1_45.mzML	19756
/PXD004452/20150410_QE3_UPLC9_DBJ_SA_46fractions_Rep1_45.mzML	23980
/PXD004452/20150410_QE3_UPLC9_DBJ_SA_46fractions_Rep1_45.mzML	24332
/PXD004452/20150410_QE3_UPLC9_DBJ_SA_46fractions_Rep1_45.mzML	27865
/PXD004452/20150410_QE3_UPLC9_DBJ_SA_46fractions_Rep1_45.mzML	28641
/PXD004452/20150410_QE3_UPLC9_DBJ_SA_46fractions_Rep1_45.mzML	29255
/PXD004452/20150410_QE3_UPLC9_DBJ_SA_46fractions_Rep1_45.mzML	29503
/PXD004452/20150410_QE3_UPLC9_DBJ_SA_46fractions_Rep1_5.mzML	9258
/PXD004452/20150410_QE3_UPLC9_DBJ_SA_46fractions_Rep1_5.mzML	10946
/PXD004452/20150410_QE3_UPLC9_DBJ_SA_46fractions_Rep1_5.mzML	11807
/PXD004452/20150410_QE3_UPLC9_DBJ_SA_46fractions_Rep1_5.mzML	17104
/PXD004452/20150410_QE3_UPLC9_DBJ_SA_46fractions_Rep1_44.mzML	16602
/PXD004452/20150410_QE3_UPLC9_DBJ_SA_46fractions_Rep1_44.mzML	17036
/PXD004452/20150410_QE3_UPLC9_DBJ_SA_46fractions_Rep1_44.mzML	17871
/PXD004452/20150410_QE3_UPLC9_DBJ_SA_46fractions_Rep1_44.mzML	19409
/PXD004452/20150410_QE3_UPLC9_DBJ_SA_46fractions_Rep1_44.mzML	19781
/PXD004452/20150410_QE3_UPLC9_DBJ_SA_46fractions_Rep1_44.mzML	20350
/PXD004452/20150410_QE3_UPLC9_DBJ_SA_46fractions_Rep1_44.mzML	22268
/PXD004452/20150410_QE3_UPLC9_DBJ_SA_46fractions_Rep1_44.mzML	22834
/PXD004452/20150410_QE3_UPLC9_DBJ_SA_46fractions_Rep1_44.mzML	22868
/PXD004452/20150410_QE3_UPLC9_DBJ_SA_46fractions_Rep1_44.mzML	23289
/PXD004452/20150410_QE3_UPLC9_DBJ_SA_46fractions_Rep1_44.mzML	23481
/PXD004452/20150410_QE3_UPLC9_DBJ_SA_46fractions_Rep1_44.mzML	23647
/PXD004452/20150410_QE3_UPLC9_DBJ_SA_46fractions_Rep1_44.mzML	25994
/PXD004452/20150410_QE3_UPLC9_DBJ_SA_46fractions_Rep1_44.mzML	28006
/PXD004452/20150410_QE3_UPLC9_DBJ_SA_46fractions_Rep1_44.mzML	28150
/PXD004452/20150410_QE3_UPLC9_DBJ_SA_46fractions_Rep1_44.mzML	28466
/PXD004452/20150410_QE3_UPLC9_DBJ_SA_46fractions_Rep1_44.mzML	28501
/PXD004452/20150410_QE3_UPLC9_DBJ_SA_46fractions_Rep1_44.mzML	29137
/PXD004452/20150410_QE3_UPLC9_DBJ_SA_46fractions_Rep1_44.mzML	29861
/PXD004452/20150410_QE3_UPLC9_DBJ_SA_46fractions_Rep1_44.mzML	30764
/PXD004452/20150410_QE3_UPLC9_DBJ_SA_46fractions_Rep1_37.mzML	5635
/PXD004452/20150410_QE3_UPLC9_DBJ_SA_46fractions_Rep1_37.mzML	8236
/PXD004452/20150410_QE3_UPLC9_DBJ_SA_46fractions_Rep1_37.mzML	12493
/PXD004452/20150410_QE3_UPLC9_DBJ_SA_46fractions_Rep1_37.mzML	14798
/PXD004452/20150410_QE3_UPLC9_DBJ_SA_46fractions_Rep1_37.mzML	17505
/PXD004452/20150410_QE3_UPLC9_DBJ_SA_46fractions_Rep1_37.mzML	18146
/PXD004452/20150410_QE3_UPLC9_DBJ_SA_46fractions_Rep1_37.mzML	20009
/PXD004452/20150410_QE3_UPLC9_DBJ_SA_46fractions_Rep1_37.mzML	21936
/PXD004452/20150410_QE3_UPLC9_DBJ_SA_46fractions_Rep1_37.mzML	22060
/PXD004452/20150410_QE3_UPLC9_DBJ_SA_46fractions_Rep1_37.mzML	24825
/PXD004452/20150410_QE3_UPLC9_DBJ_SA_46fractions_Rep1_37.mzML	26879
/PXD004452/20150410_QE3_UPLC9_DBJ_SA_46fractions_Rep1_37.mzML	27267
/PXD004452/20150410_QE3_UPLC9_DBJ_SA_46fractions_Rep1_37.mzML	28631
/PXD004452/20150410_QE3_UPLC9_DBJ_SA_46fractions_Rep1_37.mzML	30349
/PXD004452/20150410_QE3_UPLC9_DBJ_SA_46fractions_Rep1_37.mzML	30779
/PXD004452/20150410_QE3_UPLC9_DBJ_SA_46fractions_Rep1_23.mzML	6110
/PXD004452/20150410_QE3_UPLC9_DBJ_SA_46fractions_Rep1_23.mzML	7994
/PXD004452/20150410_QE3_UPLC9_DBJ_SA_46fractions_Rep1_23.mzML	8500
/PXD004452/20150410_QE3_UPLC9_DBJ_SA_46fractions_Rep1_23.mzML	10453
/PXD004452/20150410_QE3_UPLC9_DBJ_SA_46fractions_Rep1_23.mzML	12531
/PXD004452/20150410_QE3_UPLC9_DBJ_SA_46fractions_Rep1_23.mzML	17219
/PXD004452/20150410_QE3_UPLC9_DBJ_SA_46fractions_Rep1_23.mzML	19820
/PXD004452/20150410_QE3_UPLC9_DBJ_SA_46fractions_Rep1_23.mzML	22622
/PXD004452/20150410_QE3_UPLC9_DBJ_SA_46fractions_Rep1_22.mzML	5761
/PXD004452/20150410_QE3_UPLC9_DBJ_SA_46fractions_Rep1_22.mzML	6942
/PXD004452/20150410_QE3_UPLC9_DBJ_SA_46fractions_Rep1_22.mzML	9091
/PXD004452/20150410_QE3_UPLC9_DBJ_SA_46fractions_Rep1_22.mzML	12559
/PXD004452/20150410_QE3_UPLC9_DBJ_SA_46fractions_Rep1_22.mzML	15370
/PXD004452/20150410_QE3_UPLC9_DBJ_SA_46fractions_Rep1_22.mzML	16492
/PXD004452/20150410_QE3_UPLC9_DBJ_SA_46fractions_Rep1_22.mzML	19266
/PXD004452/20150410_QE3_UPLC9_DBJ_SA_46fractions_Rep1_22.mzML	20944
/PXD004452/20150410_QE3_UPLC9_DBJ_SA_46fractions_Rep1_22.mzML	22366
/PXD004452/20150410_QE3_UPLC9_DBJ_SA_46fractions_Rep1_22.mzML	26545
/PXD004452/20150410_QE3_UPLC9_DBJ_SA_46fractions_Rep1_22.mzML	26870
/PXD004452/20150410_QE3_UPLC9_DBJ_SA_46fractions_Rep1_22.mzML	28164
/PXD004452/20150410_QE3_UPLC9_DBJ_SA_46fractions_Rep1_36.mzML	2995
/PXD004452/20150410_QE3_UPLC9_DBJ_SA_46fractions_Rep1_36.mzML	7111
/PXD004452/20150410_QE3_UPLC9_DBJ_SA_46fractions_Rep1_36.mzML	8690
/PXD004452/20150410_QE3_UPLC9_DBJ_SA_46fractions_Rep1_36.mzML	17719
/PXD004452/20150410_QE3_UPLC9_DBJ_SA_46fractions_Rep1_36.mzML	21172
/PXD004452/20150410_QE3_UPLC9_DBJ_SA_46fractions_Rep1_36.mzML	21332
/PXD004452/20150410_QE3_UPLC9_DBJ_SA_46fractions_Rep1_36.mzML	22936
/PXD004452/20150410_QE3_UPLC9_DBJ_SA_46fractions_Rep1_36.mzML	24300
/PXD004452/20150410_QE3_UPLC9_DBJ_SA_46fractions_Rep1_36.mzML	25292
/PXD004452/20150410_QE3_UPLC9_DBJ_SA_46fractions_Rep1_36.mzML	25697
/PXD004452/20150410_QE3_UPLC9_DBJ_SA_46fractions_Rep1_36.mzML	27417
/PXD004452/20150410_QE3_UPLC9_DBJ_SA_46fractions_Rep1_36.mzML	27741
/PXD004452/20150410_QE3_UPLC9_DBJ_SA_46fractions_Rep1_36.mzML	28021
/PXD004452/20150410_QE3_UPLC9_DBJ_SA_46fractions_Rep1_36.mzML	28804
/PXD004452/20150410_QE3_UPLC9_DBJ_SA_46fractions_Rep1_36.mzML	30873
/PXD004452/20150410_QE3_UPLC9_DBJ_SA_46fractions_Rep1_20.mzML	5080
/PXD004452/20150410_QE3_UPLC9_DBJ_SA_46fractions_Rep1_20.mzML	8807
/PXD004452/20150410_QE3_UPLC9_DBJ_SA_46fractions_Rep1_20.mzML	8846
/PXD004452/20150410_QE3_UPLC9_DBJ_SA_46fractions_Rep1_20.mzML	13349
/PXD004452/20150410_QE3_UPLC9_DBJ_SA_46fractions_Rep1_20.mzML	18971
/PXD004452/20150410_QE3_UPLC9_DBJ_SA_46fractions_Rep1_20.mzML	19318
/PXD004452/20150410_QE3_UPLC9_DBJ_SA_46fractions_Rep1_20.mzML	19525
/PXD004452/20150410_QE3_UPLC9_DBJ_SA_46fractions_Rep1_20.mzML	22071
/PXD004452/20150410_QE3_UPLC9_DBJ_SA_46fractions_Rep1_34.mzML	3115
/PXD004452/20150410_QE3_UPLC9_DBJ_SA_46fractions_Rep1_34.mzML	4490
/PXD004452/20150410_QE3_UPLC9_DBJ_SA_46fractions_Rep1_34.mzML	5062
/PXD004452/20150410_QE3_UPLC9_DBJ_SA_46fractions_Rep1_34.mzML	6799
/PXD004452/20150410_QE3_UPLC9_DBJ_SA_46fractions_Rep1_34.mzML	7210
/PXD004452/20150410_QE3_UPLC9_DBJ_SA_46fractions_Rep1_34.mzML	14163
/PXD004452/20150410_QE3_UPLC9_DBJ_SA_46fractions_Rep1_34.mzML	17197
/PXD004452/20150410_QE3_UPLC9_DBJ_SA_46fractions_Rep1_34.mzML	17493
/PXD004452/20150410_QE3_UPLC9_DBJ_SA_46fractions_Rep1_34.mzML	18078
/PXD004452/20150410_QE3_UPLC9_DBJ_SA_46fractions_Rep1_34.mzML	18562
/PXD004452/20150410_QE3_UPLC9_DBJ_SA_46fractions_Rep1_34.mzML	21438
/PXD004452/20150410_QE3_UPLC9_DBJ_SA_46fractions_Rep1_34.mzML	23655
/PXD004452/20150410_QE3_UPLC9_DBJ_SA_46fractions_Rep1_34.mzML	24414
/PXD004452/20150410_QE3_UPLC9_DBJ_SA_46fractions_Rep1_34.mzML	24572
/PXD004452/20150410_QE3_UPLC9_DBJ_SA_46fractions_Rep1_34.mzML	28431
/PXD004452/20150410_QE3_UPLC9_DBJ_SA_46fractions_Rep1_34.mzML	28469
/PXD004452/20150410_QE3_UPLC9_DBJ_SA_46fractions_Rep1_34.mzML	28793
/PXD004452/20150410_QE3_UPLC9_DBJ_SA_46fractions_Rep1_34.mzML	29435
/PXD004452/20150410_QE3_UPLC9_DBJ_SA_46fractions_Rep1_34.mzML	29897
/PXD004452/20150410_QE3_UPLC9_DBJ_SA_46fractions_Rep1_35.mzML	8028
/PXD004452/20150410_QE3_UPLC9_DBJ_SA_46fractions_Rep1_35.mzML	8742
/PXD004452/20150410_QE3_UPLC9_DBJ_SA_46fractions_Rep1_35.mzML	11303
/PXD004452/20150410_QE3_UPLC9_DBJ_SA_46fractions_Rep1_35.mzML	11588
/PXD004452/20150410_QE3_UPLC9_DBJ_SA_46fractions_Rep1_35.mzML	11613
/PXD004452/20150410_QE3_UPLC9_DBJ_SA_46fractions_Rep1_35.mzML	20092
/PXD004452/20150410_QE3_UPLC9_DBJ_SA_46fractions_Rep1_35.mzML	20132
/PXD004452/20150410_QE3_UPLC9_DBJ_SA_46fractions_Rep1_35.mzML	21857
/PXD004452/20150410_QE3_UPLC9_DBJ_SA_46fractions_Rep1_35.mzML	23988
/PXD004452/20150410_QE3_UPLC9_DBJ_SA_46fractions_Rep1_35.mzML	26195
/PXD004452/20150410_QE3_UPLC9_DBJ_SA_46fractions_Rep1_35.mzML	26197
/PXD004452/20150410_QE3_UPLC9_DBJ_SA_46fractions_Rep1_35.mzML	26624
/PXD004452/20150410_QE3_UPLC9_DBJ_SA_46fractions_Rep1_35.mzML	28077
/PXD004452/20150410_QE3_UPLC9_DBJ_SA_46fractions_Rep1_35.mzML	28269
/PXD004452/20150410_QE3_UPLC9_DBJ_SA_46fractions_Rep1_35.mzML	30652
/PXD004452/20150410_QE3_UPLC9_DBJ_SA_46fractions_Rep1_21.mzML	5196
/PXD004452/20150410_QE3_UPLC9_DBJ_SA_46fractions_Rep1_21.mzML	8281
/PXD004452/20150410_QE3_UPLC9_DBJ_SA_46fractions_Rep1_21.mzML	9178
/PXD004452/20150410_QE3_UPLC9_DBJ_SA_46fractions_Rep1_21.mzML	12964
/PXD004452/20150410_QE3_UPLC9_DBJ_SA_46fractions_Rep1_21.mzML	27108
/PXD004452/20150410_QE3_UPLC9_DBJ_SA_46fractions_Rep1_25.mzML	7810
/PXD004452/20150410_QE3_UPLC9_DBJ_SA_46fractions_Rep1_25.mzML	7816
/PXD004452/20150410_QE3_UPLC9_DBJ_SA_46fractions_Rep1_25.mzML	9975
/PXD004452/20150410_QE3_UPLC9_DBJ_SA_46fractions_Rep1_25.mzML	11201
/PXD004452/20150410_QE3_UPLC9_DBJ_SA_46fractions_Rep1_25.mzML	13298
/PXD004452/20150410_QE3_UPLC9_DBJ_SA_46fractions_Rep1_25.mzML	13569
/PXD004452/20150410_QE3_UPLC9_DBJ_SA_46fractions_Rep1_25.mzML	13676
/PXD004452/20150410_QE3_UPLC9_DBJ_SA_46fractions_Rep1_25.mzML	17474
/PXD004452/20150410_QE3_UPLC9_DBJ_SA_46fractions_Rep1_25.mzML	21786
/PXD004452/20150410_QE3_UPLC9_DBJ_SA_46fractions_Rep1_25.mzML	21913
/PXD004452/20150410_QE3_UPLC9_DBJ_SA_46fractions_Rep1_25.mzML	23045
/PXD004452/20150410_QE3_UPLC9_DBJ_SA_46fractions_Rep1_25.mzML	23982
/PXD004452/20150410_QE3_UPLC9_DBJ_SA_46fractions_Rep1_31.mzML	2606
/PXD004452/20150410_QE3_UPLC9_DBJ_SA_46fractions_Rep1_31.mzML	3014
/PXD004452/20150410_QE3_UPLC9_DBJ_SA_46fractions_Rep1_31.mzML	3669
/PXD004452/20150410_QE3_UPLC9_DBJ_SA_46fractions_Rep1_31.mzML	4987
/PXD004452/20150410_QE3_UPLC9_DBJ_SA_46fractions_Rep1_31.mzML	7523
/PXD004452/20150410_QE3_UPLC9_DBJ_SA_46fractions_Rep1_31.mzML	12525
/PXD004452/20150410_QE3_UPLC9_DBJ_SA_46fractions_Rep1_31.mzML	15649
/PXD004452/20150410_QE3_UPLC9_DBJ_SA_46fractions_Rep1_31.mzML	16472
/PXD004452/20150410_QE3_UPLC9_DBJ_SA_46fractions_Rep1_31.mzML	17236
/PXD004452/20150410_QE3_UPLC9_DBJ_SA_46fractions_Rep1_31.mzML	17243
/PXD004452/20150410_QE3_UPLC9_DBJ_SA_46fractions_Rep1_31.mzML	17411
/PXD004452/20150410_QE3_UPLC9_DBJ_SA_46fractions_Rep1_31.mzML	19358
/PXD004452/20150410_QE3_UPLC9_DBJ_SA_46fractions_Rep1_31.mzML	20874
/PXD004452/20150410_QE3_UPLC9_DBJ_SA_46fractions_Rep1_31.mzML	21085
/PXD004452/20150410_QE3_UPLC9_DBJ_SA_46fractions_Rep1_31.mzML	21379
/PXD004452/20150410_QE3_UPLC9_DBJ_SA_46fractions_Rep1_31.mzML	22676
/PXD004452/20150410_QE3_UPLC9_DBJ_SA_46fractions_Rep1_31.mzML	23493
/PXD004452/20150410_QE3_UPLC9_DBJ_SA_46fractions_Rep1_31.mzML	23901
/PXD004452/20150410_QE3_UPLC9_DBJ_SA_46fractions_Rep1_31.mzML	24574
/PXD004452/20150410_QE3_UPLC9_DBJ_SA_46fractions_Rep1_31.mzML	27852
/PXD004452/20150410_QE3_UPLC9_DBJ_SA_46fractions_Rep1_31.mzML	28714
/PXD004452/20150410_QE3_UPLC9_DBJ_SA_46fractions_Rep1_31.mzML	30620
/PXD004452/20150410_QE3_UPLC9_DBJ_SA_46fractions_Rep1_31.mzML	30657
/PXD004452/20150410_QE3_UPLC9_DBJ_SA_46fractions_Rep1_31.mzML	30706
/PXD004452/20150410_QE3_UPLC9_DBJ_SA_46fractions_Rep1_19.mzML	10271
/PXD004452/20150410_QE3_UPLC9_DBJ_SA_46fractions_Rep1_19.mzML	13069
/PXD004452/20150410_QE3_UPLC9_DBJ_SA_46fractions_Rep1_19.mzML	14609
/PXD004452/20150410_QE3_UPLC9_DBJ_SA_46fractions_Rep1_19.mzML	14965
/PXD004452/20150410_QE3_UPLC9_DBJ_SA_46fractions_Rep1_19.mzML	15425
/PXD004452/20150410_QE3_UPLC9_DBJ_SA_46fractions_Rep1_19.mzML	21354
/PXD004452/20150410_QE3_UPLC9_DBJ_SA_46fractions_Rep1_19.mzML	23524
/PXD004452/20150410_QE3_UPLC9_DBJ_SA_46fractions_Rep1_19.mzML	24606
/PXD004452/20150410_QE3_UPLC9_DBJ_SA_46fractions_Rep1_19.mzML	27798
/PXD004452/20150410_QE3_UPLC9_DBJ_SA_46fractions_Rep1_18.mzML	4877
/PXD004452/20150410_QE3_UPLC9_DBJ_SA_46fractions_Rep1_18.mzML	9310
/PXD004452/20150410_QE3_UPLC9_DBJ_SA_46fractions_Rep1_18.mzML	11518
/PXD004452/20150410_QE3_UPLC9_DBJ_SA_46fractions_Rep1_18.mzML	13825
/PXD004452/20150410_QE3_UPLC9_DBJ_SA_46fractions_Rep1_18.mzML	15825
/PXD004452/20150410_QE3_UPLC9_DBJ_SA_46fractions_Rep1_18.mzML	16308
/PXD004452/20150410_QE3_UPLC9_DBJ_SA_46fractions_Rep1_18.mzML	21029
/PXD004452/20150410_QE3_UPLC9_DBJ_SA_46fractions_Rep1_18.mzML	21508
/PXD004452/20150410_QE3_UPLC9_DBJ_SA_46fractions_Rep1_18.mzML	24680
/PXD004452/20150410_QE3_UPLC9_DBJ_SA_46fractions_Rep1_18.mzML	25283
/PXD004452/20150410_QE3_UPLC9_DBJ_SA_46fractions_Rep1_30.mzML	3129
/PXD004452/20150410_QE3_UPLC9_DBJ_SA_46fractions_Rep1_30.mzML	6125
/PXD004452/20150410_QE3_UPLC9_DBJ_SA_46fractions_Rep1_30.mzML	10865
/PXD004452/20150410_QE3_UPLC9_DBJ_SA_46fractions_Rep1_30.mzML	12255
/PXD004452/20150410_QE3_UPLC9_DBJ_SA_46fractions_Rep1_30.mzML	13078
/PXD004452/20150410_QE3_UPLC9_DBJ_SA_46fractions_Rep1_30.mzML	14092
/PXD004452/20150410_QE3_UPLC9_DBJ_SA_46fractions_Rep1_30.mzML	18372
/PXD004452/20150410_QE3_UPLC9_DBJ_SA_46fractions_Rep1_30.mzML	19054
/PXD004452/20150410_QE3_UPLC9_DBJ_SA_46fractions_Rep1_30.mzML	21292
/PXD004452/20150410_QE3_UPLC9_DBJ_SA_46fractions_Rep1_30.mzML	21781
/PXD004452/20150410_QE3_UPLC9_DBJ_SA_46fractions_Rep1_30.mzML	21975
/PXD004452/20150410_QE3_UPLC9_DBJ_SA_46fractions_Rep1_30.mzML	22062
/PXD004452/20150410_QE3_UPLC9_DBJ_SA_46fractions_Rep1_30.mzML	26589
/PXD004452/20150410_QE3_UPLC9_DBJ_SA_46fractions_Rep1_30.mzML	27721
/PXD004452/20150410_QE3_UPLC9_DBJ_SA_46fractions_Rep1_30.mzML	30682
/PXD004452/20150410_QE3_UPLC9_DBJ_SA_46fractions_Rep1_30.mzML	30947
/PXD004452/20150410_QE3_UPLC9_DBJ_SA_46fractions_Rep1_24.mzML	7985
/PXD004452/20150410_QE3_UPLC9_DBJ_SA_46fractions_Rep1_24.mzML	8173
/PXD004452/20150410_QE3_UPLC9_DBJ_SA_46fractions_Rep1_24.mzML	10326
/PXD004452/20150410_QE3_UPLC9_DBJ_SA_46fractions_Rep1_24.mzML	11845
/PXD004452/20150410_QE3_UPLC9_DBJ_SA_46fractions_Rep1_24.mzML	12204
/PXD004452/20150410_QE3_UPLC9_DBJ_SA_46fractions_Rep1_24.mzML	16156
/PXD004452/20150410_QE3_UPLC9_DBJ_SA_46fractions_Rep1_24.mzML	18717
/PXD004452/20150410_QE3_UPLC9_DBJ_SA_46fractions_Rep1_24.mzML	19558
/PXD004452/20150410_QE3_UPLC9_DBJ_SA_46fractions_Rep1_24.mzML	22177
/PXD004452/20150410_QE3_UPLC9_DBJ_SA_46fractions_Rep1_24.mzML	25798
/PXD004452/20150410_QE3_UPLC9_DBJ_SA_46fractions_Rep1_32.mzML	4515
/PXD004452/20150410_QE3_UPLC9_DBJ_SA_46fractions_Rep1_32.mzML	6544
/PXD004452/20150410_QE3_UPLC9_DBJ_SA_46fractions_Rep1_32.mzML	12562
/PXD004452/20150410_QE3_UPLC9_DBJ_SA_46fractions_Rep1_32.mzML	12688
/PXD004452/20150410_QE3_UPLC9_DBJ_SA_46fractions_Rep1_32.mzML	16303
/PXD004452/20150410_QE3_UPLC9_DBJ_SA_46fractions_Rep1_32.mzML	17379
/PXD004452/20150410_QE3_UPLC9_DBJ_SA_46fractions_Rep1_32.mzML	17477
/PXD004452/20150410_QE3_UPLC9_DBJ_SA_46fractions_Rep1_32.mzML	18889
/PXD004452/20150410_QE3_UPLC9_DBJ_SA_46fractions_Rep1_32.mzML	19103
/PXD004452/20150410_QE3_UPLC9_DBJ_SA_46fractions_Rep1_32.mzML	19174
/PXD004452/20150410_QE3_UPLC9_DBJ_SA_46fractions_Rep1_32.mzML	19211
/PXD004452/20150410_QE3_UPLC9_DBJ_SA_46fractions_Rep1_32.mzML	19646
/PXD004452/20150410_QE3_UPLC9_DBJ_SA_46fractions_Rep1_32.mzML	24811
/PXD004452/20150410_QE3_UPLC9_DBJ_SA_46fractions_Rep1_32.mzML	28544
/PXD004452/20150410_QE3_UPLC9_DBJ_SA_46fractions_Rep1_26.mzML	7951
/PXD004452/20150410_QE3_UPLC9_DBJ_SA_46fractions_Rep1_26.mzML	11802
/PXD004452/20150410_QE3_UPLC9_DBJ_SA_46fractions_Rep1_26.mzML	14197
/PXD004452/20150410_QE3_UPLC9_DBJ_SA_46fractions_Rep1_26.mzML	14875
/PXD004452/20150410_QE3_UPLC9_DBJ_SA_46fractions_Rep1_26.mzML	15590
/PXD004452/20150410_QE3_UPLC9_DBJ_SA_46fractions_Rep1_26.mzML	15830
/PXD004452/20150410_QE3_UPLC9_DBJ_SA_46fractions_Rep1_26.mzML	17183
/PXD004452/20150410_QE3_UPLC9_DBJ_SA_46fractions_Rep1_26.mzML	19936
/PXD004452/20150410_QE3_UPLC9_DBJ_SA_46fractions_Rep1_26.mzML	20483
/PXD004452/20150410_QE3_UPLC9_DBJ_SA_46fractions_Rep1_26.mzML	20955
/PXD004452/20150410_QE3_UPLC9_DBJ_SA_46fractions_Rep1_26.mzML	22128
/PXD004452/20150410_QE3_UPLC9_DBJ_SA_46fractions_Rep1_26.mzML	22678
/PXD004452/20150410_QE3_UPLC9_DBJ_SA_46fractions_Rep1_26.mzML	24292
/PXD004452/20150410_QE3_UPLC9_DBJ_SA_46fractions_Rep1_26.mzML	24902
/PXD004452/20150410_QE3_UPLC9_DBJ_SA_46fractions_Rep1_26.mzML	26605
/PXD004452/20150410_QE3_UPLC9_DBJ_SA_46fractions_Rep1_26.mzML	27698
/PXD004452/20150410_QE3_UPLC9_DBJ_SA_46fractions_Rep1_26.mzML	27851
/PXD004452/20150410_QE3_UPLC9_DBJ_SA_46fractions_Rep1_26.mzML	27925
/PXD004452/20150410_QE3_UPLC9_DBJ_SA_46fractions_Rep1_27.mzML	9787
/PXD004452/20150410_QE3_UPLC9_DBJ_SA_46fractions_Rep1_27.mzML	11380
/PXD004452/20150410_QE3_UPLC9_DBJ_SA_46fractions_Rep1_27.mzML	13694
/PXD004452/20150410_QE3_UPLC9_DBJ_SA_46fractions_Rep1_27.mzML	16246
/PXD004452/20150410_QE3_UPLC9_DBJ_SA_46fractions_Rep1_27.mzML	17789
/PXD004452/20150410_QE3_UPLC9_DBJ_SA_46fractions_Rep1_27.mzML	17836
/PXD004452/20150410_QE3_UPLC9_DBJ_SA_46fractions_Rep1_27.mzML	19662
/PXD004452/20150410_QE3_UPLC9_DBJ_SA_46fractions_Rep1_27.mzML	19701
/PXD004452/20150410_QE3_UPLC9_DBJ_SA_46fractions_Rep1_27.mzML	20024
/PXD004452/20150410_QE3_UPLC9_DBJ_SA_46fractions_Rep1_27.mzML	20397
/PXD004452/20150410_QE3_UPLC9_DBJ_SA_46fractions_Rep1_27.mzML	21493
/PXD004452/20150410_QE3_UPLC9_DBJ_SA_46fractions_Rep1_27.mzML	23752
/PXD004452/20150410_QE3_UPLC9_DBJ_SA_46fractions_Rep1_27.mzML	24412
/PXD004452/20150410_QE3_UPLC9_DBJ_SA_46fractions_Rep1_27.mzML	26301
/PXD004452/20150410_QE3_UPLC9_DBJ_SA_46fractions_Rep1_27.mzML	26590
/PXD004452/20150410_QE3_UPLC9_DBJ_SA_46fractions_Rep1_27.mzML	27589
/PXD004452/20150410_QE3_UPLC9_DBJ_SA_46fractions_Rep1_27.mzML	27678
/PXD004452/20150410_QE3_UPLC9_DBJ_SA_46fractions_Rep1_33.mzML	2905
/PXD004452/20150410_QE3_UPLC9_DBJ_SA_46fractions_Rep1_33.mzML	4182
/PXD004452/20150410_QE3_UPLC9_DBJ_SA_46fractions_Rep1_33.mzML	8024
/PXD004452/20150410_QE3_UPLC9_DBJ_SA_46fractions_Rep1_33.mzML	11238
/PXD004452/20150410_QE3_UPLC9_DBJ_SA_46fractions_Rep1_33.mzML	13395
/PXD004452/20150410_QE3_UPLC9_DBJ_SA_46fractions_Rep1_33.mzML	13867
/PXD004452/20150410_QE3_UPLC9_DBJ_SA_46fractions_Rep1_33.mzML	14033
/PXD004452/20150410_QE3_UPLC9_DBJ_SA_46fractions_Rep1_33.mzML	15334
/PXD004452/20150410_QE3_UPLC9_DBJ_SA_46fractions_Rep1_33.mzML	18042
/PXD004452/20150410_QE3_UPLC9_DBJ_SA_46fractions_Rep1_33.mzML	18758
/PXD004452/20150410_QE3_UPLC9_DBJ_SA_46fractions_Rep1_33.mzML	19765
/PXD004452/20150410_QE3_UPLC9_DBJ_SA_46fractions_Rep1_33.mzML	24832
/PXD004452/20150410_QE3_UPLC9_DBJ_SA_46fractions_Rep1_33.mzML	25249
/PXD004452/20150410_QE3_UPLC9_DBJ_SA_46fractions_Rep1_33.mzML	25513
/PXD004452/20150410_QE3_UPLC9_DBJ_SA_46fractions_Rep1_33.mzML	27932
/PXD004452/20150410_QE3_UPLC9_DBJ_SA_46fractions_Rep1_33.mzML	30752
/PXD004452/20150410_QE3_UPLC9_DBJ_SA_46fractions_Rep1_16.mzML	3606
/PXD004452/20150410_QE3_UPLC9_DBJ_SA_46fractions_Rep1_16.mzML	4666
/PXD004452/20150410_QE3_UPLC9_DBJ_SA_46fractions_Rep1_16.mzML	13138
/PXD004452/20150410_QE3_UPLC9_DBJ_SA_46fractions_Rep1_16.mzML	13163
/PXD004452/20150410_QE3_UPLC9_DBJ_SA_46fractions_Rep1_16.mzML	21135
/PXD004452/20150410_QE3_UPLC9_DBJ_SA_46fractions_Rep1_16.mzML	22173
/PXD004452/20150410_QE3_UPLC9_DBJ_SA_46fractions_Rep1_17.mzML	2781
/PXD004452/20150410_QE3_UPLC9_DBJ_SA_46fractions_Rep1_17.mzML	5028
/PXD004452/20150410_QE3_UPLC9_DBJ_SA_46fractions_Rep1_17.mzML	7302
/PXD004452/20150410_QE3_UPLC9_DBJ_SA_46fractions_Rep1_17.mzML	10350
/PXD004452/20150410_QE3_UPLC9_DBJ_SA_46fractions_Rep1_17.mzML	12098
/PXD004452/20150410_QE3_UPLC9_DBJ_SA_46fractions_Rep1_17.mzML	13212
/PXD004452/20150410_QE3_UPLC9_DBJ_SA_46fractions_Rep1_17.mzML	15116
/PXD004452/20150410_QE3_UPLC9_DBJ_SA_46fractions_Rep1_17.mzML	19435
/PXD004452/20150410_QE3_UPLC9_DBJ_SA_46fractions_Rep1_17.mzML	19666
/PXD004452/20150410_QE3_UPLC9_DBJ_SA_46fractions_Rep1_17.mzML	24260
/PXD004452/20150410_QE3_UPLC9_DBJ_SA_46fractions_Rep1_17.mzML	27841
/PXD004452/20150410_QE3_UPLC9_DBJ_SA_46fractions_Rep1_29.mzML	10874
/PXD004452/20150410_QE3_UPLC9_DBJ_SA_46fractions_Rep1_29.mzML	11483
/PXD004452/20150410_QE3_UPLC9_DBJ_SA_46fractions_Rep1_29.mzML	13575
/PXD004452/20150410_QE3_UPLC9_DBJ_SA_46fractions_Rep1_29.mzML	14250
/PXD004452/20150410_QE3_UPLC9_DBJ_SA_46fractions_Rep1_29.mzML	14760
/PXD004452/20150410_QE3_UPLC9_DBJ_SA_46fractions_Rep1_29.mzML	15317
/PXD004452/20150410_QE3_UPLC9_DBJ_SA_46fractions_Rep1_29.mzML	15841
/PXD004452/20150410_QE3_UPLC9_DBJ_SA_46fractions_Rep1_29.mzML	18419
/PXD004452/20150410_QE3_UPLC9_DBJ_SA_46fractions_Rep1_29.mzML	18614
/PXD004452/20150410_QE3_UPLC9_DBJ_SA_46fractions_Rep1_29.mzML	18801
/PXD004452/20150410_QE3_UPLC9_DBJ_SA_46fractions_Rep1_29.mzML	19079
/PXD004452/20150410_QE3_UPLC9_DBJ_SA_46fractions_Rep1_29.mzML	21755
/PXD004452/20150410_QE3_UPLC9_DBJ_SA_46fractions_Rep1_29.mzML	23945
/PXD004452/20150410_QE3_UPLC9_DBJ_SA_46fractions_Rep1_29.mzML	24125
/PXD004452/20150410_QE3_UPLC9_DBJ_SA_46fractions_Rep1_29.mzML	25283
/PXD004452/20150410_QE3_UPLC9_DBJ_SA_46fractions_Rep1_29.mzML	26253
/PXD004452/20150410_QE3_UPLC9_DBJ_SA_46fractions_Rep1_29.mzML	26882
/PXD004452/20150410_QE3_UPLC9_DBJ_SA_46fractions_Rep1_15.mzML	14605
/PXD004452/20150410_QE3_UPLC9_DBJ_SA_46fractions_Rep1_15.mzML	16215
/PXD004452/20150410_QE3_UPLC9_DBJ_SA_46fractions_Rep1_14.mzML	3089
/PXD004452/20150410_QE3_UPLC9_DBJ_SA_46fractions_Rep1_14.mzML	8206
/PXD004452/20150410_QE3_UPLC9_DBJ_SA_46fractions_Rep1_14.mzML	8522
/PXD004452/20150410_QE3_UPLC9_DBJ_SA_46fractions_Rep1_14.mzML	8768
/PXD004452/20150410_QE3_UPLC9_DBJ_SA_46fractions_Rep1_14.mzML	14974
/PXD004452/20150410_QE3_UPLC9_DBJ_SA_46fractions_Rep1_14.mzML	18786
/PXD004452/20150410_QE3_UPLC9_DBJ_SA_46fractions_Rep1_28.mzML	2376
/PXD004452/20150410_QE3_UPLC9_DBJ_SA_46fractions_Rep1_28.mzML	8207
/PXD004452/20150410_QE3_UPLC9_DBJ_SA_46fractions_Rep1_28.mzML	9160
/PXD004452/20150410_QE3_UPLC9_DBJ_SA_46fractions_Rep1_28.mzML	13414
/PXD004452/20150410_QE3_UPLC9_DBJ_SA_46fractions_Rep1_28.mzML	13808
/PXD004452/20150410_QE3_UPLC9_DBJ_SA_46fractions_Rep1_28.mzML	17594
/PXD004452/20150410_QE3_UPLC9_DBJ_SA_46fractions_Rep1_28.mzML	18823
/PXD004452/20150410_QE3_UPLC9_DBJ_SA_46fractions_Rep1_28.mzML	20664
/PXD004452/20150410_QE3_UPLC9_DBJ_SA_46fractions_Rep1_28.mzML	21862
/PXD004452/20150410_QE3_UPLC9_DBJ_SA_46fractions_Rep1_28.mzML	22308
/PXD004452/20150410_QE3_UPLC9_DBJ_SA_46fractions_Rep1_28.mzML	22886
/PXD004452/20150410_QE3_UPLC9_DBJ_SA_46fractions_Rep1_28.mzML	23913
/PXD004452/20150410_QE3_UPLC9_DBJ_SA_46fractions_Rep1_28.mzML	23935
/PXD004452/20150410_QE3_UPLC9_DBJ_SA_46fractions_Rep1_28.mzML	25403
/PXD004452/20150410_QE3_UPLC9_DBJ_SA_46fractions_Rep1_28.mzML	25578
/PXD004452/20150410_QE3_UPLC9_DBJ_SA_46fractions_Rep1_28.mzML	25691
/PXD004452/20150410_QE3_UPLC9_DBJ_SA_46fractions_Rep1_28.mzML	26197
/PXD004452/20150410_QE3_UPLC9_DBJ_SA_46fractions_Rep1_10.mzML	7606
/PXD004452/20150410_QE3_UPLC9_DBJ_SA_46fractions_Rep1_10.mzML	8165
/PXD004452/20150410_QE3_UPLC9_DBJ_SA_46fractions_Rep1_10.mzML	11807
/PXD004452/20150410_QE3_UPLC9_DBJ_SA_46fractions_Rep1_38.mzML	8822
/PXD004452/20150410_QE3_UPLC9_DBJ_SA_46fractions_Rep1_38.mzML	10281
/PXD004452/20150410_QE3_UPLC9_DBJ_SA_46fractions_Rep1_38.mzML	10882
/PXD004452/20150410_QE3_UPLC9_DBJ_SA_46fractions_Rep1_38.mzML	12856
/PXD004452/20150410_QE3_UPLC9_DBJ_SA_46fractions_Rep1_38.mzML	13827
/PXD004452/20150410_QE3_UPLC9_DBJ_SA_46fractions_Rep1_38.mzML	18139
/PXD004452/20150410_QE3_UPLC9_DBJ_SA_46fractions_Rep1_38.mzML	18646
/PXD004452/20150410_QE3_UPLC9_DBJ_SA_46fractions_Rep1_38.mzML	21157
/PXD004452/20150410_QE3_UPLC9_DBJ_SA_46fractions_Rep1_38.mzML	24277
/PXD004452/20150410_QE3_UPLC9_DBJ_SA_46fractions_Rep1_38.mzML	24506
/PXD004452/20150410_QE3_UPLC9_DBJ_SA_46fractions_Rep1_38.mzML	25651
/PXD004452/20150410_QE3_UPLC9_DBJ_SA_46fractions_Rep1_38.mzML	28539
/PXD004452/20150410_QE3_UPLC9_DBJ_SA_46fractions_Rep1_38.mzML	28809
/PXD004452/20150410_QE3_UPLC9_DBJ_SA_46fractions_Rep1_38.mzML	30690
/PXD004452/20150410_QE3_UPLC9_DBJ_SA_46fractions_Rep1_39.mzML	8199
/PXD004452/20150410_QE3_UPLC9_DBJ_SA_46fractions_Rep1_39.mzML	10624
/PXD004452/20150410_QE3_UPLC9_DBJ_SA_46fractions_Rep1_39.mzML	12531
/PXD004452/20150410_QE3_UPLC9_DBJ_SA_46fractions_Rep1_39.mzML	14127
/PXD004452/20150410_QE3_UPLC9_DBJ_SA_46fractions_Rep1_39.mzML	16011
/PXD004452/20150410_QE3_UPLC9_DBJ_SA_46fractions_Rep1_39.mzML	19597
/PXD004452/20150410_QE3_UPLC9_DBJ_SA_46fractions_Rep1_39.mzML	20810
/PXD004452/20150410_QE3_UPLC9_DBJ_SA_46fractions_Rep1_39.mzML	20841
/PXD004452/20150410_QE3_UPLC9_DBJ_SA_46fractions_Rep1_39.mzML	21652
/PXD004452/20150410_QE3_UPLC9_DBJ_SA_46fractions_Rep1_39.mzML	23797
/PXD004452/20150410_QE3_UPLC9_DBJ_SA_46fractions_Rep1_39.mzML	27023
/PXD004452/20150410_QE3_UPLC9_DBJ_SA_46fractions_Rep1_39.mzML	27291
/PXD004452/20150410_QE3_UPLC9_DBJ_SA_46fractions_Rep1_11.mzML	6394
/PXD004452/20150410_QE3_UPLC9_DBJ_SA_46fractions_Rep1_11.mzML	7108
/PXD004452/20150410_QE3_UPLC9_DBJ_SA_46fractions_Rep1_11.mzML	8606
/PXD004452/20150410_QE3_UPLC9_DBJ_SA_46fractions_Rep1_11.mzML	9094
/PXD004452/20150410_QE3_UPLC9_DBJ_SA_46fractions_Rep1_11.mzML	9477
/PXD004452/20150410_QE3_UPLC9_DBJ_SA_46fractions_Rep1_11.mzML	11019
/PXD004452/20150410_QE3_UPLC9_DBJ_SA_46fractions_Rep1_11.mzML	11799
/PXD004452/20150410_QE3_UPLC9_DBJ_SA_46fractions_Rep1_11.mzML	15536
/PXD004452/20150410_QE3_UPLC9_DBJ_SA_46fractions_Rep1_11.mzML	17640
/PXD004452/20150410_QE3_UPLC9_DBJ_SA_46fractions_Rep1_13.mzML	5893
/PXD004452/20150410_QE3_UPLC9_DBJ_SA_46fractions_Rep1_13.mzML	8707
/PXD004452/20150410_QE3_UPLC9_DBJ_SA_46fractions_Rep1_13.mzML	13439
/PXD004452/20150410_QE3_UPLC9_DBJ_SA_46fractions_Rep1_13.mzML	15230
/PXD004452/20150410_QE3_UPLC9_DBJ_SA_46fractions_Rep1_13.mzML	16859
/PXD004452/20150410_QE3_UPLC9_DBJ_SA_46fractions_Rep1_13.mzML	21068
/PXD004452/20150410_QE3_UPLC9_DBJ_SA_46fractions_Rep1_12.mzML	3589
/PXD004452/20150410_QE3_UPLC9_DBJ_SA_46fractions_Rep1_12.mzML	6891
/PXD004452/20150410_QE3_UPLC9_DBJ_SA_46fractions_Rep1_12.mzML	7796
/PXD004452/20150410_QE3_UPLC9_DBJ_SA_46fractions_Rep1_12.mzML	12545
/PXD004452/20150410_QE3_UPLC9_DBJ_SA_46fractions_Rep1_12.mzML	22392
/PXD004452/20150410_QE3_UPLC9_DBJ_SA_46fractions_Rep1_8.mzML	4317
/PXD004452/20150410_QE3_UPLC9_DBJ_SA_46fractions_Rep1_8.mzML	4848
/PXD004452/20150410_QE3_UPLC9_DBJ_SA_46fractions_Rep1_9.mzML	17046
/PXD004452/20150410_QE3_UPLC9_DBJ_SA_46fractions_Rep1_9.mzML	18226
